Question,True answer,Real answer,Score,Note
Chính sách học bổng của trường,"Chính sách học bổng
1. Học bổng CMC Khai phóng
Số lượng dự kiến: 50 suất.

Trị giá học bổng: 100% học phí toàn khóa học (không bao gồm học phí chương trình học tiếng Anh).

Đối tượng và tiêu chí xét học bổng: thí sinh nhập học Trường Đại học CMC năm 2024 thỏa mãn ít nhất một trong các tiêu chí sau:

Đạt giải nhất, nhì, ba trong các kỳ thi học sinh giỏi và kỳ thi Khoa học Kỹ thuật cấp quốc gia, quốc tế trong các năm từ 2021 – 2024 và có môn đoạt giải nằm trong tổ hợp xét tuyển vào ngành tương ứng của Trường Đại học CMC.
Lưu ý: Thí sinh đạt giải môn Tin học được xét học bổng vào ngành Công nghệ Thông tin.

Tổng điểm thi tốt nghiệp THPT theo tổ hợp môn đăng ký xét tuyển năm 2024 đạt từ 26,00 điểm trở lên (có bao gồm điểm ưu tiên).
Có chứng chỉ tiếng Anh IELTS 7.5 trở lên hoặc tương đương hoặc chứng chỉ ngoại ngữ tiếng Nhật N2 trở lên (với thí sinh ĐKXT vào ngành Ngôn ngữ Nhật) hoặc chứng chỉ ngoại ngữ tiếng Hàn Quốc TOPIK 5 trở lên (với thí sinh ĐKXT vào ngành Ngôn ngữ Hàn Quốc). Ngoài ra, kết quả học tập HK1 lớp 12 không có môn nào dưới 8,00 điểm trong tổ hợp xét tuyển.
* Ưu tiên thí sinh nộp hồ sơ xét tuyển sớm và ưu tiên đặt thứ tự nguyện vọng CMC là số 1 trên hệ thống xét tuyển chung của Bộ giáo dục và Đào tạo.

2. Học bổng CMC Sáng tạo
Số lượng dự kiến: 100 suất.

Trị giá học bổng: 70% học phí toàn khóa học (không bao gồm học phí chương trình học tiếng Anh).

Đối tượng và tiêu chí xét học bổng: thí sinh nhập học Trường Đại học CMC năm 2024 thỏa mãn ít nhất một trong các tiêu chí sau.

Đạt giải nhất, nhì, ba các cuộc thi học sinh giỏi cấp tỉnh, thành phố (trực thuộc trung ương) trong các năm từ 2021 – 2024 và có môn đoạt giải nằm trong tổ hợp xét tuyển vào ngành tương ứng của Trường Đại học CMC.
Kết quả học tập THPT lớp 10, lớp 11, HK1 lớp 12 có ĐTB đạt từ 9,00 trở lên.
Tổng điểm thi tốt nghiệp THPT theo tổ hợp môn đăng ký xét tuyển năm 2024 đạt từ 25,50 điểm trở lên (có bao gồm điểm ưu tiên).
Chứng chỉ ngoại ngữ tiếng Anh IELTS 7.0 trở lên hoặc tương đương, chứng chỉ ngoại ngữ tiếng Nhật N3 trở lên, chứng chỉ ngoại ngữ tiếng Hàn Quốc TOPIK4 trở lên. Ngoài ra, kết quả học tập HK1 lớp 12 không có môn nào dưới 8,00 điểm trong tổ hợp xét tuyển.
* Ưu tiên thí sinh nộp hồ sơ xét tuyển sớm và ưu tiên đặt thứ tự nguyện vọng CMC là số 1 trên hệ thống xét tuyển chung của Bộ giáo dục và Đào tạo.

3. Học bổng CMC Tiên phong
Số lượng dự kiến: 250 suất.

Trị giá học bổng: 50% học phí toàn khóa học (không bao gồm học phí chương trình học tiếng Anh).

Đối tượng và tiêu chí xét học bổng: thí sinh nhập học Trường Đại học CMC năm 2024 thỏa mãn ít nhất một trong các tiêu chí sau:

Kết quả học tập THPT lớp 10, lớp 11, HK1 lớp 12 có ĐTB đạt từ 8,50 trở lên.
Tổng điểm thi tốt nghiệp THPT theo tổ hợp môn đăng ký xét tuyển năm 2024 đạt từ 25,00 điểm trở lên (có bao gồm điểm ưu tiên).
Chứng chỉ ngoại ngữ tiếng Anh IELTS 6.5 trở lên hoặc tương đương. Ngoài ra, kết quả học tập HK1 lớp 12 không có môn nào dưới 8,00 điểm trong tổ hợp xét tuyển.
* Ưu tiên thí sinh nộp hồ sơ xét tuyển sớm và ưu tiên đặt thứ tự nguyện vọng CMC là số 1 trên hệ thống xét tuyển chung của Bộ giáo dục và Đào tạo.",,,
Có bao nhiêu phương thức xét tuyển,"Năm 2024, Trường Đại học CMC xét tuyển theo 5 phương thức:

Phương thức 1 (CMC200): Xét tuyển dựa trên kết quả học tập bậc THPT (học bạ).
Phương thức 2 (CMC100): Xét tuyển dựa trên kết quả thi tốt nghiệp THPT.
Phương thức 3 (CMC303): Xét tuyển thẳng theo quy chế của Bộ GD&ĐT và theo đề án tuyển sinh của Trường Đại học CMC.
Phương thức 4 (CMC410): Xét tuyển kết hợp kết quả học tập cấp THPT (học bạ) với chứng chỉ quốc tế (CCQT). 
Phương thức 5 (CMC409): Xét tuyển kết hợp kết quả thi tốt nghiệp THPT với CCQT.
Bạn vui lòng tham khảo thêm thông tin về các phương thức tuyển sinh tại trang: https://cmcu.edu.vn/phuong-thuc-tuyen-sinh/",,,
Nộp hồ sơ đăng ký xét tuyển,"Cách 1: Nộp hồ sơ trực tuyến.
Bước 1: Thí sinh chuẩn bị hồ sơ theo danh sách sau:

– Bản PDF hoặc ảnh học bạ THPT (nếu ĐKXT theo phương thức xét học bạ).

– Bản PDF hoặc ảnh giấy CMND/CCCD.

– Bản PDF hoặc ảnh chứng chỉ ngoại ngữ, chứng nhận ưu tiên (nếu có).

– Bản PDF hoặc ảnh bằng tốt nghiệp THPT (đối với thí sinh đã tốt nghiệp trước năm 2024).

– Bản PDF hoặc ảnh giấy chứng nhận thành tích hoặc các giấy tờ liên quan (đối với thí sinh ĐKXT theo phương thức xét tuyển thẳng).

Bước 2: Truy cập website: xettuyen.cmcu.edu.vn và đăng ký tài khoản trên hệ thống (tài khoản và mật khẩu sẽ được gửi về email của thí sinh).

Bước 3: Đăng nhập, lựa chọn phương thức xét tuyển, hoàn thành các trường thông tin còn thiếu và tải lên hồ sơ theo hướng dẫn trên hệ thống.

Bước 4: Rà soát và nộp hồ sơ xét tuyển.

Cách 2: Nộp hồ sơ trực tiếp tại văn phòng Trường hoặc gửi qua đường bưu điện.
Bước 1: Thí sinh chuẩn bị hồ sơ theo danh sách sau:

– Phiếu đăng ký xét tuyển (ĐKXT) theo mẫu tại: https://cmcu.edu.vn/mau-dang-ky/.

– Bản photocopy/scan học bạ THPT (đối với thí sinh ĐKXT theo phương thức xét học bạ).

– Bản photocopy/scan bằng tốt nghiệp THPT (đối với thí sinh đã tốt nghiệp trước năm 2024).

– Bản photocopy/scan giấy Chứng minh nhân dân/Căn cước công dân.

– Bản photocopy/scan chứng chỉ ngoại ngữ, chứng nhận ưu tiên (nếu có).

– Bản photocopy/scan giấy chứng nhận thành tích hoặc các giấy tờ liên quan (đối với thí sinh ĐKXT theo phương thức xét tuyển thẳng).

Bước 2: Thí sinh nộp trực tiếp hoặc gửi hồ sơ theo đường bưu điện về văn phòng tuyển sinh Trường Đại học CMC tại số 84C Đường Nguyễn Thanh Bình, Phường Vạn Phúc, Quận Hà Đông, Thành phố Hà Nội.",,,
Các khoản phí cần nộp khi nhập học,"Khoản học phí tạm thu lần đầu: 11.054.520 đồng, trong đó:

Học phí tạm thu đối với tất cả sinh viên K3 nhập học: 10.000.000 đồng (tương đương học phí 1 cấp độ tiếng Anh).
Phí khám sức khỏe: 170.000 đồng.
Bảo hiểm y tế 12 tháng: 884.520 đồng.
Các khoản thu này được liệt kê chi tiết trong Giấy báo nhập học của sinh viên.

Khoản sinh hoạt phí khi theo học Kỳ giáo dục Quốc phòng và An ninh tại Trung tâm Giáo dục Quốc phòng và An ninh thuộc Trường Quân sự Bộ Tư lệnh Thủ đô (tại Thị xã Sơn Tây, Hà Nội): dự kiến 1.800.000 đồng (Khoản phí này sinh viên nộp cho Trung tâm GDQP&AN sau khi nhập học).
Chú thích:

Để tránh sai sót về số tiền, nội dung chuyển khoản thí sinh có thể quét mã QR có trong giấy báo nhập học bằng ứng dụng Ngân hàng (tra cứu giấy báo nhập học online tại địa chỉ: https://xettuyen.cmcu.edu.vn/).
Học phí tạm thu sẽ được chuyển đổi thành học phí chương trình tiếng Anh hoặc học phí học kỳ chính khoá (Học kỳ 1).
Sinh viên thuộc diện cần học tiếng Anh: học phí tạm thu là học phí 01 cấp độ tiếng Anh.
Sinh viên thuộc diện miễn học tiếng Anh: học phí tạm thu chuyển sang học phí học kỳ chính khoá (học kỳ 1). Sau khi trừ phần học bổng mà sinh viên đã đạt được (nếu có), nếu có chênh lệch về khoản phải nộp thì sinh viên nộp phần chênh nếu thiếu hoặc coi như phần học phí nộp trước cho học kỳ tiếp theo nếu thừa.
Trường hợp sinh viên thuộc diện học bổng 100% học phí và miễn học tiếng Anh: học phí tạm thu sẽ được hoàn trả lại cho sinh viên sau khi kết thúc học kỳ 1.

Thông tin chi tiết về học phí, xem tại đây: https://cmcu.edu.vn/hoc-phi/.",,,
