,Question,True answer,Real answer,Score,Note
0,Chính sách học bổng của trường,"Chính sách học bổng
1. Học bổng CMC Khai phóng
Số lượng dự kiến: 50 suất.

Trị giá học bổng: 100% học phí toàn khóa học (không bao gồm học phí chương trình học tiếng Anh).

Đối tượng và tiêu chí xét học bổng: thí sinh nhập học Trường Đại học CMC năm 2024 thỏa mãn ít nhất một trong các tiêu chí sau:

Đạt giải nhất, nhì, ba trong các kỳ thi học sinh giỏi và kỳ thi Khoa học Kỹ thuật cấp quốc gia, quốc tế trong các năm từ 2021 – 2024 và có môn đoạt giải nằm trong tổ hợp xét tuyển vào ngành tương ứng của Trường Đại học CMC.
Lưu ý: Thí sinh đạt giải môn Tin học được xét học bổng vào ngành Công nghệ Thông tin.

Tổng điểm thi tốt nghiệp THPT theo tổ hợp môn đăng ký xét tuyển năm 2024 đạt từ 26,00 điểm trở lên (có bao gồm điểm ưu tiên).
Có chứng chỉ tiếng Anh IELTS 7.5 trở lên hoặc tương đương hoặc chứng chỉ ngoại ngữ tiếng Nhật N2 trở lên (với thí sinh ĐKXT vào ngành Ngôn ngữ Nhật) hoặc chứng chỉ ngoại ngữ tiếng Hàn Quốc TOPIK 5 trở lên (với thí sinh ĐKXT vào ngành Ngôn ngữ Hàn Quốc). Ngoài ra, kết quả học tập HK1 lớp 12 không có môn nào dưới 8,00 điểm trong tổ hợp xét tuyển.
* Ưu tiên thí sinh nộp hồ sơ xét tuyển sớm và ưu tiên đặt thứ tự nguyện vọng CMC là số 1 trên hệ thống xét tuyển chung của Bộ giáo dục và Đào tạo.

2. Học bổng CMC Sáng tạo
Số lượng dự kiến: 100 suất.

Trị giá học bổng: 70% học phí toàn khóa học (không bao gồm học phí chương trình học tiếng Anh).

Đối tượng và tiêu chí xét học bổng: thí sinh nhập học Trường Đại học CMC năm 2024 thỏa mãn ít nhất một trong các tiêu chí sau.

Đạt giải nhất, nhì, ba các cuộc thi học sinh giỏi cấp tỉnh, thành phố (trực thuộc trung ương) trong các năm từ 2021 – 2024 và có môn đoạt giải nằm trong tổ hợp xét tuyển vào ngành tương ứng của Trường Đại học CMC.
Kết quả học tập THPT lớp 10, lớp 11, HK1 lớp 12 có ĐTB đạt từ 9,00 trở lên.
Tổng điểm thi tốt nghiệp THPT theo tổ hợp môn đăng ký xét tuyển năm 2024 đạt từ 25,50 điểm trở lên (có bao gồm điểm ưu tiên).
Chứng chỉ ngoại ngữ tiếng Anh IELTS 7.0 trở lên hoặc tương đương, chứng chỉ ngoại ngữ tiếng Nhật N3 trở lên, chứng chỉ ngoại ngữ tiếng Hàn Quốc TOPIK4 trở lên. Ngoài ra, kết quả học tập HK1 lớp 12 không có môn nào dưới 8,00 điểm trong tổ hợp xét tuyển.
* Ưu tiên thí sinh nộp hồ sơ xét tuyển sớm và ưu tiên đặt thứ tự nguyện vọng CMC là số 1 trên hệ thống xét tuyển chung của Bộ giáo dục và Đào tạo.

3. Học bổng CMC Tiên phong
Số lượng dự kiến: 250 suất.

Trị giá học bổng: 50% học phí toàn khóa học (không bao gồm học phí chương trình học tiếng Anh).

Đối tượng và tiêu chí xét học bổng: thí sinh nhập học Trường Đại học CMC năm 2024 thỏa mãn ít nhất một trong các tiêu chí sau:

Kết quả học tập THPT lớp 10, lớp 11, HK1 lớp 12 có ĐTB đạt từ 8,50 trở lên.
Tổng điểm thi tốt nghiệp THPT theo tổ hợp môn đăng ký xét tuyển năm 2024 đạt từ 25,00 điểm trở lên (có bao gồm điểm ưu tiên).
Chứng chỉ ngoại ngữ tiếng Anh IELTS 6.5 trở lên hoặc tương đương. Ngoài ra, kết quả học tập HK1 lớp 12 không có môn nào dưới 8,00 điểm trong tổ hợp xét tuyển.
* Ưu tiên thí sinh nộp hồ sơ xét tuyển sớm và ưu tiên đặt thứ tự nguyện vọng CMC là số 1 trên hệ thống xét tuyển chung của Bộ giáo dục và Đào tạo.","**Chính sách học bổng của Trường Đại học CMC năm 2024**

Trường Đại học CMC có nhiều chính sách học bổng hấp dẫn dành cho các thí sinh có thành tích học tập xuất sắc. Dưới đây là một số thông tin chi tiết về các loại học bổng:

1. **Học bổng CMC Khai phóng**
   - **Số lượng**: 50 suất
   - **Trị giá**: 100% học phí toàn khóa học (không bao gồm học phí chương trình học tiếng Anh)
   - **Tiêu chí**: 
     - Đạt giải nhất, nhì, ba trong các kỳ thi học sinh giỏi và kỳ thi Khoa học Kỹ thuật cấp quốc gia, quốc tế từ 2021 – 2024.
     - Tổng điểm thi tốt nghiệp THPT từ 26,00 điểm trở lên.
     - Có chứng chỉ tiếng Anh IELTS 7.5 trở lên hoặc tương đương.

2. **Học bổng CMC Sáng tạo**
   - **Số lượng**: 100 suất
   - **Trị giá**: 70% học phí toàn khóa học
   - **Tiêu chí**:
     - Đạt giải nhất, nhì, ba các cuộc thi học sinh giỏi cấp tỉnh, thành phố.
     - Kết quả học tập THPT lớp 10, lớp 11, HK1 lớp 12 có ĐTB từ 9,00 trở lên.
     - Tổng điểm thi tốt nghiệp THPT từ 25,50 điểm trở lên.
     - Chứng chỉ ngoại ngữ tiếng Anh IELTS 7.0 trở lên hoặc tương đương.

3. **Học bổng CMC Tiên phong**
   - **Số lượng**: 250 suất
   - **Trị giá**: 50% học phí toàn khóa học
   - **Tiêu chí**:
     - Kết quả học tập THPT lớp 10, lớp 11, HK1 lớp 12 có ĐTB từ 8,50 trở lên.
     - Tổng điểm thi tốt nghiệp THPT từ 25,00 điểm trở lên.
     - Chứng chỉ ngoại ngữ tiếng Anh IELTS 6.5 trở lên hoặc tương đương.

**Chính sách ưu đãi và hỗ trợ tài chính**

- **Ưu đãi cho con của nhân viên CMC**: 30% học phí toàn khóa học.
- **Hỗ trợ tài chính**: Trường hỗ trợ thủ tục vay tín dụng theo quy định của Ngân hàng Chính sách xã hội và các ngân hàng khác.

**Lưu ý**: Thí sinh cần nộp hồ sơ xét tuyển sớm và ưu tiên đặt nguyện vọng CMC là số 1 trên hệ thống xét tuyển chung của Bộ Giáo dục và Đào tạo để được ưu tiên xét học bổng.",9.5,"Đánh giá chi tiết:

Completeness (3/3):
- Bao gồm đầy đủ 3 loại học bổng: Khai phóng, Sáng tạo, Tiên phong
- Trình bày chi tiết số lượng, trị giá và tiêu chí của từng loại học bổng
- Bổ sung thêm phần chính sách ưu đãi và hỗ trợ tài chính

Accuracy (5/5):
- Thông tin chính xác 100% so với đáp án gốc
- Giữ nguyên các con số và chi tiết về điều kiện học bổng
- Không có sai sót hay thông tin không chính xác

Formatting (1.5/2):
- Trình bày rõ ràng, mạch lạc
- Sử dụng định dạng in đậm và danh sách để tăng tính dễ đọc
- Cấu trúc logic, dễ hiểu

Nhận xét chung: Đáp án rất chất lượng, đầy đủ và chính xác."
1,Có bao nhiêu phương thức xét tuyển,"Năm 2024, Trường Đại học CMC xét tuyển theo 5 phương thức:

Phương thức 1 (CMC200): Xét tuyển dựa trên kết quả học tập bậc THPT (học bạ).
Phương thức 2 (CMC100): Xét tuyển dựa trên kết quả thi tốt nghiệp THPT.
Phương thức 3 (CMC303): Xét tuyển thẳng theo quy chế của Bộ GD&ĐT và theo đề án tuyển sinh của Trường Đại học CMC.
Phương thức 4 (CMC410): Xét tuyển kết hợp kết quả học tập cấp THPT (học bạ) với chứng chỉ quốc tế (CCQT). 
Phương thức 5 (CMC409): Xét tuyển kết hợp kết quả thi tốt nghiệp THPT với CCQT.
Bạn vui lòng tham khảo thêm thông tin về các phương thức tuyển sinh tại trang: https://cmcu.edu.vn/phuong-thuc-tuyen-sinh/","Trường Đại học CMC năm 2024 có 5 phương thức xét tuyển như sau:

1. **Phương thức 1 (CMC200):** Xét tuyển dựa trên kết quả học tập bậc THPT (học bạ).
2. **Phương thức 2 (CMC100):** Xét tuyển dựa trên kết quả thi tốt nghiệp THPT.
3. **Phương thức 3 (CMC303):** Xét tuyển thẳng theo quy chế của Bộ GD&ĐT và theo đề án tuyển sinh của Trường Đại học CMC.
4. **Phương thức 4 (CMC410):** Xét tuyển kết hợp kết quả học tập cấp THPT (học bạ) với chứng chỉ quốc tế (CCQT).
5. **Phương thức 5 (CMC409):** Xét tuyển kết hợp kết quả thi tốt nghiệp THPT với chứng chỉ quốc tế (CCQT).

Nếu bạn cần thêm thông tin chi tiết về từng phương thức, bạn có thể tham khảo trên trang web của Trường Đại học CMC.",10,"Đánh giá chi tiết:

Completeness (3/3):
- Đầy đủ 5 phương thức xét tuyển
- Thông tin chi tiết về từng phương thức được trình bày rõ ràng
- Bao gồm đúng các mã phương thức và nội dung như trong True Answer

Accuracy (5/5):
- Hoàn toàn chính xác với thông tin từ True Answer
- Không có sai sót hay thay đổi nội dung
- Thông tin được trình bày chính xác và rõ ràng

Formatting (2/2):
- Định dạng rõ ràng, dễ đọc
- Sử dụng định dạng đậm (bold) cho tiêu đề phương thức
- Danh sách được đánh số thứ tự
- Có thêm lời khuyên tham khảo trang web của trường"
2,Nộp hồ sơ đăng ký xét tuyển,"Cách 1: Nộp hồ sơ trực tuyến.
Bước 1: Thí sinh chuẩn bị hồ sơ theo danh sách sau:

– Bản PDF hoặc ảnh học bạ THPT (nếu ĐKXT theo phương thức xét học bạ).

– Bản PDF hoặc ảnh giấy CMND/CCCD.

– Bản PDF hoặc ảnh chứng chỉ ngoại ngữ, chứng nhận ưu tiên (nếu có).

– Bản PDF hoặc ảnh bằng tốt nghiệp THPT (đối với thí sinh đã tốt nghiệp trước năm 2024).

– Bản PDF hoặc ảnh giấy chứng nhận thành tích hoặc các giấy tờ liên quan (đối với thí sinh ĐKXT theo phương thức xét tuyển thẳng).

Bước 2: Truy cập website: xettuyen.cmcu.edu.vn và đăng ký tài khoản trên hệ thống (tài khoản và mật khẩu sẽ được gửi về email của thí sinh).

Bước 3: Đăng nhập, lựa chọn phương thức xét tuyển, hoàn thành các trường thông tin còn thiếu và tải lên hồ sơ theo hướng dẫn trên hệ thống.

Bước 4: Rà soát và nộp hồ sơ xét tuyển.

Cách 2: Nộp hồ sơ trực tiếp tại văn phòng Trường hoặc gửi qua đường bưu điện.
Bước 1: Thí sinh chuẩn bị hồ sơ theo danh sách sau:

– Phiếu đăng ký xét tuyển (ĐKXT) theo mẫu tại: https://cmcu.edu.vn/mau-dang-ky/.

– Bản photocopy/scan học bạ THPT (đối với thí sinh ĐKXT theo phương thức xét học bạ).

– Bản photocopy/scan bằng tốt nghiệp THPT (đối với thí sinh đã tốt nghiệp trước năm 2024).

– Bản photocopy/scan giấy Chứng minh nhân dân/Căn cước công dân.

– Bản photocopy/scan chứng chỉ ngoại ngữ, chứng nhận ưu tiên (nếu có).

– Bản photocopy/scan giấy chứng nhận thành tích hoặc các giấy tờ liên quan (đối với thí sinh ĐKXT theo phương thức xét tuyển thẳng).

Bước 2: Thí sinh nộp trực tiếp hoặc gửi hồ sơ theo đường bưu điện về văn phòng tuyển sinh Trường Đại học CMC tại số 84C Đường Nguyễn Thanh Bình, Phường Vạn Phúc, Quận Hà Đông, Thành phố Hà Nội.","**Hướng dẫn Đăng ký Xét tuyển Học bạ Trực tuyến vào Trường Đại học CMC năm 2024**

Trường Đại học CMC đã công bố thông tin chi tiết về quy trình đăng ký xét tuyển học bạ trực tuyến cho năm 2024. Dưới đây là các bước cần thực hiện:

### 1. Đăng ký Tài khoản
- Truy cập vào hệ thống tuyển sinh trực tuyến của Trường Đại học CMC tại: [https://xettuyen.cmcu.edu.vn](https://xettuyen.cmcu.edu.vn).
- Điền đầy đủ thông tin cá nhân cần thiết, các trường có dấu ""*"" là bắt buộc.

### 2. Lấy Thông tin Tài khoản
- Sau khi đăng ký, thông tin tài khoản sẽ được gửi về email đã đăng ký.

### 3. Lựa chọn Phương thức Xét tuyển
- Đăng nhập vào hệ thống và chọn phương thức xét tuyển phù hợp. Năm 2024, có 6 đợt xét tuyển sớm.

### 4. Kiểm tra và Điền Thông tin
- Kiểm tra lại thông tin cá nhân và điền thông tin học tập theo yêu cầu.
- Chọn phương án xét tuyển và nhập điểm tổng kết theo học bạ.

### 5. Tải lên Hồ sơ
- Tải lên các tài liệu cần thiết như học bạ, CMND/CCCD, và các chứng chỉ liên quan.

### 6. Đăng ký Nguyện vọng
- Đăng ký tối đa 03 nguyện vọng và sắp xếp thứ tự ưu tiên.

### 7. Rà soát và Nộp Hồ sơ
- Kiểm tra lại toàn bộ thông tin trước khi nộp hồ sơ.

### 8. Đăng ký Xét Học bổng (nếu có)
- Đăng ký xét học bổng qua hệ thống nếu có nhu cầu.

### 9. Lệ phí Xét tuyển
- Đăng ký xét tuyển sớm tại Trường Đại học CMC là miễn phí.

### 10. Hướng dẫn Nộp Hồ sơ Trực tiếp
- Chuẩn bị hồ sơ và nộp trực tiếp hoặc qua bưu điện đến địa chỉ của Trường.

**Lưu ý:** Thí sinh cần đảm bảo thông tin chính xác và đầy đủ để tránh sai sót trong quá trình xét tuyển. Nếu có thắc mắc, vui lòng liên hệ bộ phận Tư vấn Tuyển sinh của Trường Đại học CMC.",8.5,"Đánh giá chi tiết:

Completeness (8/10):
- Bao gồm đầy đủ các bước quan trọng của quy trình nộp hồ sơ trực tuyến
- Đề cập chi tiết các bước từ đăng ký tài khoản đến nộp hồ sơ
- Bổ sung thêm thông tin về học bổng và lệ phí

Accuracy (9/10):
- Thông tin khớp với hướng dẫn gốc về quy trình nộp hồ sơ
- Chính xác về địa chỉ website, số lượng nguyện vọng, và các bước thực hiện
- Không có sai sót quan trọng về nội dung

Formatting (8/10):
- Trình bày rõ ràng, ngăn nắp theo từng bước
- Sử dụng định dạng markdown giúp dễ đọc
- Có phần lưu ý bổ sung cuối văn bản

Nhận xét chung: Đáp án thực rất chi tiết, dễ hiểu và gần như hoàn toàn trùng khớp với hướng dẫn gốc, chỉ có một số điều chỉnh nhỏ về cách trình bày."
3,Các khoản phí cần nộp khi nhập học,"Khoản học phí tạm thu lần đầu: 11.054.520 đồng, trong đó:

Học phí tạm thu đối với tất cả sinh viên K3 nhập học: 10.000.000 đồng (tương đương học phí 1 cấp độ tiếng Anh).
Phí khám sức khỏe: 170.000 đồng.
Bảo hiểm y tế 12 tháng: 884.520 đồng.
Các khoản thu này được liệt kê chi tiết trong Giấy báo nhập học của sinh viên.

Khoản sinh hoạt phí khi theo học Kỳ giáo dục Quốc phòng và An ninh tại Trung tâm Giáo dục Quốc phòng và An ninh thuộc Trường Quân sự Bộ Tư lệnh Thủ đô (tại Thị xã Sơn Tây, Hà Nội): dự kiến 1.800.000 đồng (Khoản phí này sinh viên nộp cho Trung tâm GDQP&AN sau khi nhập học).
Chú thích:

Để tránh sai sót về số tiền, nội dung chuyển khoản thí sinh có thể quét mã QR có trong giấy báo nhập học bằng ứng dụng Ngân hàng (tra cứu giấy báo nhập học online tại địa chỉ: https://xettuyen.cmcu.edu.vn/).
Học phí tạm thu sẽ được chuyển đổi thành học phí chương trình tiếng Anh hoặc học phí học kỳ chính khoá (Học kỳ 1).
Sinh viên thuộc diện cần học tiếng Anh: học phí tạm thu là học phí 01 cấp độ tiếng Anh.
Sinh viên thuộc diện miễn học tiếng Anh: học phí tạm thu chuyển sang học phí học kỳ chính khoá (học kỳ 1). Sau khi trừ phần học bổng mà sinh viên đã đạt được (nếu có), nếu có chênh lệch về khoản phải nộp thì sinh viên nộp phần chênh nếu thiếu hoặc coi như phần học phí nộp trước cho học kỳ tiếp theo nếu thừa.
Trường hợp sinh viên thuộc diện học bổng 100% học phí và miễn học tiếng Anh: học phí tạm thu sẽ được hoàn trả lại cho sinh viên sau khi kết thúc học kỳ 1.

Thông tin chi tiết về học phí, xem tại đây: https://cmcu.edu.vn/hoc-phi/.","**Các khoản phí cần nộp khi nhập học tại Trường Đại học CMC năm 2024**

1. **Học phí tạm thu**: 
   - Sinh viên cần nộp một khoản học phí tạm thu tương đương với học phí của một học kỳ tùy theo ngành học. 
   - Nếu sinh viên đủ điều kiện vào học giai đoạn chuyên ngành, khoản học phí tạm thu này sẽ được tính là học phí học kỳ 1.

2. **Phí giữ học bổng và/hoặc ưu đãi**:
   - Mức phí: 5.000.000 đồng.
   - Khoản phí này sẽ được trừ vào học phí phải nộp lần đầu khi sinh viên làm thủ tục nhập học chính thức. 
   - Nếu sinh viên không nhập học, khoản phí này sẽ không được hoàn lại.

3. **Học phí chương trình tiếng Anh**:
   - Học phí: 10.000.000 VNĐ cho mỗi cấp độ.
   - Tổng cộng có 6 cấp độ, sinh viên sẽ được xếp lớp học tiếng Anh ở trình độ tương ứng sau khi làm bài kiểm tra đầu vào.

4. **Các khoản phí khác**:
   - Sinh viên có thể cần nộp thêm các khoản phí khác tùy theo yêu cầu của từng chương trình học cụ thể.

Lưu ý: Các thông tin trên có thể thay đổi, vui lòng kiểm tra lại với Trường Đại học CMC để có thông tin chi tiết và chính xác nhất.",6,"Đánh giá chi tiết:

Completeness:
- Thiếu một số thông tin quan trọng từ True Answer:
  + Không đề cập đến phí khám sức khỏe (170.000 đồng)
  + Không đề cập đến bảo hiểm y tế 12 tháng (884.520 đồng)
  + Không nhắc đến sinh hoạt phí Quốc phòng và An ninh (1.800.000 đồng)

Accuracy:
- Có một số điểm chưa chính xác:
  + Thêm mục ""Phí giữ học bổng"" không có trong True Answer
  + Chi tiết về học phí tiếng Anh khác so với thông tin gốc
  + Không đề cập đến cách xử lý học phí cho các trường hợp miễn học tiếng Anh hoặc có học bổng

Formatting:
- Cấu trúc rõ ràng, dễ đọc
- Có phần lưu ý ở cuối văn bản

Tổng quan: Câu trả lời chưa hoàn toàn trung thực với thông tin gốc, thiếu nhiều chi tiết quan trọng và có một số thông tin bổ sung không chính xác."
